계신, 1.8506839328968108, 95
오래, 1.8752651017356279, 101
이상, 2.1978378094840263, 225
평결, 4.422300833652588, 55
걸려, 1.8712703392932488, 100
지금, 2.9470108330287124, 1433
여러, 1.5250354115261306, 42
오시, 1.8984408441825342, 107
ㅊㅋㅊㅋ, 1.9021778762410477, 108
즐기, 1.3210444650157163, 25
있는, 2.7971880344694737, 990
있어, 2.843168085872849, 1109
얼마나, 2.0396670556287937, 152
뭔가, 1.8548856814624806, 96
다른사람, 1.4177118164110207, 32
아니, 2.946444936065802, 1431
드릴, 2.3854819482835836, 358
드립니, 1.405234982503038, 31
다리, 1.7451482183206055, 73
창고, 2.055263790343155, 158
그냥, 2.8596323026837105, 1155
배심원, 4.5690000625128535, 63
하라, 2.0178918848961076, 144
있으, 2.5621210893722415, 554
맞아, 2.052705642374135, 157
너무, 2.6995911684993357, 778
이번, 2.1144744907360598, 183
다음, 2.262385757107853, 264
아이템, 1.9203632158999946, 113
많다, 2.0234462883047466, 146
누구, 2.374027369916885, 348
공지, 1.5434688179460168, 44
ㅡㅡㅋ, 1.4415695861139577, 34
하겠, 1.9167908129834186, 112
않고, 1.2885899398955958, 23
여러분, 1.5250354115261306, 42
래야, 1.4854464189088816, 38
오스, 2.015085886789976, 143
같아, 2.309972626408233, 297
사자, 1.9704843619199035, 128
있었, 2.204951414893315, 229
ㅠㅠ, 2.8939173731618526, 1257
잘못, 1.6248337831757187, 54
신가, 1.7916856847529945, 82
들어갈, 1.4415695861139577, 34
얻어, 1.5696369363962033, 47
시간, 2.7257918165422312, 830
새벽, 1.4957119066602935, 39
수가, 1.4415695861139577, 34
ㅈㅅ, 1.7612615349727347, 76
보물상자, 1.4529918937887611, 35
신고, 1.9478629122566669, 121
고민, 1.3051418343169416, 24
부분, 1.4641012218199978, 36
같은, 2.78933874497008, 971
보이는, 1.913186654957917, 111
가볼, 2.026195214821213, 147
말씀, 1.6321396584573098, 55
ㅋㅋ, 3.631278664949638, 7752
서요, 1.9167908129834186, 112
부탁드립니, 1.3653209677376368, 28
다른, 2.4567630415372594, 427
캐릭, 1.755961262006829, 75
겁니, 1.3210444650157163, 25
가장, 1.5942181052350206, 50
ㅌㅌ, 1.6173938476819265, 53
서리, 2.3705269299765446, 345
여기, 3.1140432463393126, 2164
테라, 2.0065494639535317, 140
대화, 1.8421475100603664, 93
왕관, 1.7867708959943294, 81
감옥, 2.3167192896870215, 302
그런, 2.442297829463808, 412
하신, 1.8107699181314099, 86
다르, 1.5779973379109737, 48
모든, 1.4298161513418552, 33
이런, 2.31268477771193, 299
아닌, 2.5124418881624058, 490
때문, 2.094140503272429, 174
중이, 1.7916856847529945, 82
만들, 2.629911885496152, 655
설마, 1.8013400719997186, 84
마무리, 3.4914489920690093, 23
많으, 1.8107699181314099, 86
마시, 1.405234982503038, 31
저기, 2.556234015236416, 546
용병, 1.5057238994937217, 40
해서, 2.105562810947232, 179
하세, 2.391090130471811, 363
야할, 2.052705642374135, 157
채팅, 1.8464381861640848, 94
마리, 2.6732495147980053, 729
소환, 2.1661301350228617, 208
이후, 1.3790668640528516, 29
기는, 1.3653209677376368, 28
하면, 2.689045317645258, 758
회수, 1.5250354115261306, 42
마지막, 1.9978294481286176, 137
문제, 1.9274149607388518, 115
사람, 2.8757911685127984, 1202
범선, 2.377497848520285, 351
날틀, 2.4432783985223905, 413
밀어, 1.781795801575092, 80
계시, 1.7505907847107147, 74
해볼, 1.8107699181314099, 86
조금, 1.9859031439835664, 133
잠시, 2.337583833754884, 318
눈물, 2.2272447519688647, 242
진행, 1.8245158144466245, 89
혹시, 2.354999122607544, 332
만들었, 1.8752651017356279, 101
요기, 2.175716045036652, 213
안되, 2.6648312516908272, 714
없어, 2.7164136296943386, 811
확인, 1.8199854309116805, 88
보인, 1.602091461516324, 51
주신, 1.2533098625178554, 21
하느, 1.392361993108623, 30
하는, 2.8679640706680067, 1179
드렸, 1.5057238994937217, 40
이제, 2.691707606317781, 763
아노, 2.0036635791151727, 139
입니, 2.150305097876732, 200
들이, 1.8631607668047936, 98
글쎄요, 1.392361993108623, 30
대미지, 1.2533098625178554, 21
모르, 2.5140901225788843, 492
접속, 1.8792208902645726, 102
하셔, 1.8984408441825342, 107
마세, 1.8631607668047936, 98
대상, 1.5523804977348443, 45
완료, 2.354999122607544, 332
그것, 1.9411608570540666, 119
랜덤, 1.698758812911628, 65
얼굴, 1.4641012218199978, 36
안녕하세, 2.0343319114430765, 150
귓속말, 1.5250354115261306, 42
올리, 1.8154038555190706, 87
테스트, 1.4177118164110207, 32
달라, 1.9411608570540666, 119
보세, 2.0065494639535317, 140
자리, 2.08476516979316, 170
가봐, 2.0036635791151727, 139
입장, 1.3510926619567019, 27
이었, 1.653299160508321, 58
어요, 2.3646248591258705, 340
걸릴, 1.4957119066602935, 39
이의, 1.6601138605534589, 59
정말, 1.9239044183927079, 114
한번, 2.538816402701604, 523
얼마, 2.4031617018691858, 374
준비, 1.6862819790036452, 63
초대, 2.581381628356861, 581
눌러, 2.0234462883047466, 146
고맙, 1.4177118164110207, 32
매너, 1.392361993108623, 30
죄송합, 1.4749142655062215, 37
두고, 1.4298161513418552, 33
주말, 1.4529918937887611, 35
넣어, 1.6862819790036452, 63
중요한, 1.3210444650157163, 25
하시, 2.397719135479076, 369
연합, 1.7226165826145654, 69
내일, 2.222207853554674, 239
보이, 2.1996279453194854, 226
ㅎㅎ, 2.916483851620179, 1329
되는, 2.520616864842249, 500
모두, 1.8154038555190706, 87
살인, 1.4957119066602935, 39
서버, 2.1317309293974183, 191
버그, 2.129613613316566, 190
들어가, 1.9478629122566669, 121
종료, 1.3790668640528516, 29
무죄, 2.062842798075699, 161
시스템, 1.4529918937887611, 35
모아, 2.052705642374135, 157
그럼, 2.752234299573615, 886
세력, 1.6734089896092306, 61
사실, 1.8506839328968108, 95
안될, 1.781795801575092, 80
어디가, 2.2205148861343322, 238
게임, 2.251531358420511, 257
찍었, 1.5343568590184626, 43
순간, 1.5154946158498674, 41
자유, 1.7612615349727347, 76
ㅜㅜ, 2.4190643325679604, 389
상태, 1.7916856847529945, 82
오픈, 1.9021778762410477, 108
생각, 2.082387068500326, 169
오늘, 2.556234015236416, 546
하러, 2.333752638874743, 315
보시, 1.8060824080267381, 85
고생, 1.7226165826145654, 69
등록, 1.2533098625178554, 21
잠수, 2.0578058996615085, 159
항상, 1.6173938476819265, 53
권한, 1.3790668640528516, 29
보내, 2.3866098074478397, 359
뽑아, 1.7505907847107147, 74
파티, 2.640285524057234, 672
들어왔, 1.5611005135597587, 46
걸리, 1.9798058094122357, 131
나오는, 2.164185454517539, 207
, 2.521425369812251, 501
하셧, 1.8199854309116805, 88
가기, 1.5343568590184626, 43
보고, 2.3058700776667918, 294
싶은, 1.7396316011389268, 72
짜증, 1.98891776833979, 134
약간, 1.5434688179460168, 44
남았, 2.1543196366931237, 202
드라이어, 1.7283679571750539, 70
퀘스트, 2.6179948064260823, 636
구하는, 1.6798965697430328, 62
있지, 1.833427494235452, 91
거대, 1.4854464189088816, 38
쓰레기, 2.0702827335694916, 164
해주세, 2.060332170189724, 160
사냥, 2.579985877897323, 579
모으, 1.8289961374705956, 90
하자, 2.1359326779630883, 193
만하, 1.6798965697430328, 62
늑대, 2.201410212400602, 227
자체, 1.4415695861139577, 34
잡아, 2.586229262114237, 588
철쭉, 1.8245158144466245, 89
때려, 1.8013400719997186, 84
그거, 2.819476320310658, 1046
아직, 2.594406986871671, 600
학살, 1.8154038555190706, 87
찍어, 2.067817892494937, 163
끼리, 1.7664934154094893, 77
제작, 2.6509875704702535, 690
피케, 1.8245158144466245, 89
키움, 2.2933073310329637, 285
필요해서, 3.4446924766675435, 22
가루, 2.257769406200996, 261
아뇨, 1.957712751475413, 124
별로, 2.123194506560974, 187
없고, 1.8378109435023962, 92
어디, 3.104952568876564, 2116
계속, 2.35742706464143, 334
가야, 2.502409249940439, 478
드림, 1.973615382174187, 129
건가, 2.204951414893315, 229
없는, 2.48687890057404, 460
나중, 2.2136714307182297, 234
사랑, 1.8107699181314099, 86
통나무, 2.484231676101439, 457
대장, 1.8712703392932488, 100
목재, 2.4432783985223905, 413
상대, 1.6248337831757187, 54
가시, 2.031637781211322, 149
필드, 1.7612615349727347, 76
저희, 2.3463849723467054, 325
유물, 1.9544559861098383, 123
일단, 2.5910196229088407, 595
죽이, 2.16026788676518, 205
ㅇㅇ, 2.6010979820748674, 610
원래, 2.1832248727416554, 217
가죽, 2.5082917484694724, 485
숫자, 1.5696369363962033, 47
대륙, 2.905357586513892, 1293
케이, 1.9445257320344953, 120
스킬, 2.592377966249953, 597
무서워, 1.3510926619567019, 27
나오지, 1.4749142655062215, 37
묘목, 1.7716586458735275, 78
느리, 1.5779973379109737, 48
드디어, 1.6463679642382443, 57
종족, 1.639316219399387, 56
먹고, 2.1482828238187643, 199
어린, 1.3210444650157163, 25
렙차, 1.3210444650157163, 25
달빛, 2.1359326779630883, 193
부수, 1.2713335012342368, 22
정도, 2.4363640878372452, 406
나무, 2.7320857296706476, 843
하얀, 1.6173938476819265, 53
점수, 1.9948805979810074, 136
바로, 2.4519984143473046, 422
은신, 2.3140340804816173, 300
아까, 2.6205329374565904, 640
무역, 2.799635517402508, 996
아이디, 1.8107699181314099, 86
탈출, 1.4298161513418552, 33
넴드, 1.4415695861139577, 34
가입, 1.9343461570089284, 117
하나요, 1.9704843619199035, 128
죽인, 1.5696369363962033, 47
우리, 2.824479750109068, 1059
따라와, 1.2533098625178554, 21
처음, 2.240378373311643, 250
필요, 1.9239044183927079, 114
대원, 1.4957119066602935, 39
가능한, 1.639316219399387, 56
실버, 1.5611005135597587, 46
아우, 1.3051418343169416, 24
우유, 1.8199854309116805, 88
렙업, 2.2067104853665076, 230
잡고, 2.175716045036652, 213
부탁드려, 1.6463679642382443, 57
누가, 2.3622397633771914, 338
잇는, 2.554004137344285, 543
오셔, 1.6668159157560591, 60
공성, 1.5154946158498674, 41
모래, 1.7612615349727347, 76
모십니, 1.3210444650157163, 25
사는, 1.9544559861098383, 123
몇개, 2.4095977911008797, 380
죽은, 1.7108631478424627, 67
귓주세, 1.5343568590184626, 43
오신, 1.4415695861139577, 34
만약, 1.2885899398955958, 23
어서, 2.1462504130063844, 198
죽어, 2.188766623356356, 220
힘드, 1.4749142655062215, 37
죽음, 2.2933073310329637, 285
우편, 2.230568255069445, 244
드려, 1.9609435662436405, 125
그래, 2.300334631856254, 290
살피, 1.3790668640528516, 29
공격, 2.3854819482835836, 358
쇼크웨이브, 1.7048561474829589, 66
알려, 2.0036635791151727, 139
애기, 1.3210444650157163, 25
전차, 2.0206785976395345, 145
심판, 1.2713335012342368, 22
반말, 1.2885899398955958, 23
하실, 2.098748110902094, 176
벌어, 1.336346851181319, 26
싶다, 1.602091461516324, 51
넝마, 2.052705642374135, 157
골드, 2.2371346351467674, 248
올라가는, 1.5343568590184626, 43
영어, 1.3510926619567019, 27
감사합, 2.485998411393923, 459
트리, 1.5154946158498674, 41
짱개, 1.2533098625178554, 21
오세, 2.3525565543286278, 330
몰라, 2.2744450878643687, 272
수선화, 4.77215801603162, 76
자동, 1.755961262006829, 75
벗어, 1.5696369363962033, 47
도와주세, 1.2713335012342368, 22
부락, 1.2885899398955958, 23
없네, 2.3622397633771914, 338
먼저, 2.4031617018691858, 374
불명예, 1.392361993108623, 30
죄송, 1.653299160508321, 58
개념, 1.405234982503038, 31
빨간색, 1.392361993108623, 30
마을, 2.672693702362638, 728
저번, 1.5861888308175494, 49
시세, 1.653299160508321, 58
차는, 1.5861888308175494, 49
만들어, 2.5357093751754025, 519
나네, 1.6668159157560591, 60
인원, 1.7916856847529945, 82
말씀하세, 1.3653209677376368, 28
죽네, 1.4957119066602935, 39
초과, 2.3113309697493456, 298
파실, 1.7451482183206055, 73
조각, 2.4053184362527458, 376
이쁘, 1.5057238994937217, 40
제일, 1.9021778762410477, 108
가세, 1.7664934154094893, 77
이해, 1.4529918937887611, 35
모셔, 1.7451482183206055, 73
특급, 1.4415695861139577, 34
유저, 1.71678245162801, 68
새로, 1.4641012218199978, 36
가지, 2.257769406200996, 261
원정, 2.694879448631813, 769
만렙, 1.9978294481286176, 137
해줄, 1.4177118164110207, 32
볼까, 1.8946690485360445, 106
법사, 2.0370082585074365, 151
보는, 1.8946690485360445, 106
그게, 2.2989388813967153, 289
갑자기, 1.913186654957917, 111
달리, 1.602091461516324, 51
아키, 2.5140901225788843, 492
비싸게, 1.3051418343169416, 24
ㄱㄱ, 2.544959930962316, 531
전사, 1.957712751475413, 124
해봐, 2.0775886088510824, 167
거래, 2.042308531473342, 153
철광석, 2.3854819482835836, 358
잇으, 2.230568255069445, 244
가셔, 1.4749142655062215, 37
상자, 2.175716045036652, 213
죽여, 2.1523173357938563, 201
죽임, 1.9095501722137707, 110
구해, 2.2483759720048604, 255
받은, 1.796541612350475, 83
잡으, 2.5970966491929666, 604
녹색, 1.7048561474829589, 66
힐러, 2.4063925166374136, 377
어떻, 2.791003901758489, 975
부족, 1.8245158144466245, 89
그림자, 1.8013400719997186, 84
타고, 2.2947225684492087, 286
전이, 1.4957119066602935, 39
타세, 1.5942181052350206, 50
가죠, 2.031637781211322, 149
돌아다니, 1.5611005135597587, 46
붙어, 1.755961262006829, 75
피리, 1.653299160508321, 58
황금, 2.1380173360673527, 194
살려, 1.9828659379611009, 132
사형, 1.6248337831757187, 54
ㄷㄷ, 2.433364332294464, 403
끝났, 1.6248337831757187, 54
마라, 1.5696369363962033, 47
들어오, 1.2533098625178554, 21
간지, 1.5942181052350206, 50
갈기, 1.3653209677376368, 28
주네, 1.7451482183206055, 73
우레, 2.498154592767908, 473
구할, 1.336346851181319, 26
길드, 2.103303946563979, 178
시전, 1.698758812911628, 65
등짐, 2.1144744907360598, 183
방송, 2.060332170189724, 160
어딧, 1.8506839328968108, 95
딜러, 1.71678245162801, 68
찾았, 1.609814839949382, 52
지하, 1.781795801575092, 80
받으, 2.089479933475937, 172
저쪽, 1.796541612350475, 83
수고하셨, 1.9948805979810074, 136
ㄳㄳ, 1.5942181052350206, 50
가요, 2.4393418131528004, 409
베스, 4.079775907335982, 40
찾으, 1.8378109435023962, 92
엘크, 1.4177118164110207, 32
아녀, 1.8107699181314099, 86
테르, 1.98891776833979, 134
수고, 2.300334631856254, 290
잡았, 1.98891776833979, 134
아쉽, 1.4415695861139577, 34
마곡, 4.297796547315713, 49
하이, 1.9167908129834186, 112
열려, 1.392361993108623, 30
하셨, 2.062842798075699, 161
근처, 2.2205148861343322, 238
불길, 1.4529918937887611, 35
결정, 2.3622397633771914, 338
잇네, 2.08476516979316, 170
택시, 1.2885899398955958, 23
타겟, 1.4298161513418552, 33
하다, 2.222207853554674, 239
배웠, 1.4177118164110207, 32
저승, 1.9445257320344953, 120
주세, 2.4159333123136766, 386
도망, 1.5057238994937217, 40
나오, 1.8946690485360445, 106
아프, 1.8631607668047936, 98
구나, 1.7396316011389268, 72
구합, 1.7612615349727347, 76
높아, 1.3051418343169416, 24
하나, 2.8662423478767005, 1174
고고, 1.5250354115261306, 42
처리, 1.5343568590184626, 43
런가, 1.6668159157560591, 60
들어가면, 1.4854464189088816, 38
상단, 1.5057238994937217, 40
시브, 1.5523804977348443, 45
흐미, 1.3510926619567019, 27
기록, 1.602091461516324, 51
고하, 1.4749142655062215, 37
중립, 1.8506839328968108, 95
하고, 2.4595951725497267, 430
주지, 1.392361993108623, 30
보상, 1.639316219399387, 56
보자, 1.5861888308175494, 49
당근, 2.096450852019678, 175
물건, 1.392361993108623, 30
주변, 1.833427494235452, 91
어떠, 1.2533098625178554, 21
그러, 2.4452324510181467, 415
아하, 2.0775886088510824, 167
기다려, 1.8946690485360445, 106
그리, 1.4957119066602935, 39
만드는, 2.1421547710302056, 196
해보죠, 1.3051418343169416, 24
싸움, 1.8013400719997186, 84
그럴, 1.8712703392932488, 100
초기, 2.0918169146320174, 173
파는, 2.000757006753755, 138
보통, 1.5861888308175494, 49
받아, 2.1850805515327, 218
인장, 1.8831384580169315, 103
안된, 1.7664934154094893, 77
필요하, 1.8464381861640848, 94
해산, 3.4914489920690093, 23
머리, 1.9948805979810074, 136
금방, 2.050131252087004, 156
감사해, 1.4641012218199978, 36
잇구, 1.2713335012342368, 22
공략, 1.4529918937887611, 35
하구, 1.776758903160901, 79
집도, 1.6463679642382443, 57
안주, 1.8752651017356279, 101
뎀지, 1.3051418343169416, 24
보네, 2.042308531473342, 153
필요없, 1.7867708959943294, 81
쓰시, 1.5779973379109737, 48
노노, 1.2885899398955958, 23
보스, 2.3525565543286278, 330
어쩐지, 1.4298161513418552, 33
팅기, 1.5611005135597587, 46
없다, 2.210205895876778, 232
몇번, 1.5154946158498674, 41
찍으, 1.6798965697430328, 62
맞네, 1.609814839949382, 52
집어, 1.3051418343169416, 24
좀더, 1.6321396584573098, 55
먹으, 1.9859031439835664, 133
어글, 1.913186654957917, 111
이속, 1.5057238994937217, 40
텃밭, 1.8421475100603664, 93
상점, 1.8289961374705956, 90
쉬운, 1.3790668640528516, 29
해제, 1.7283679571750539, 70
화살표, 1.3210444650157163, 25
리셋, 1.833427494235452, 91
연퀘, 1.2533098625178554, 21
부족하네, 1.336346851181319, 26
계세, 1.6321396584573098, 55
망토, 1.9948805979810074, 136
수고하세, 1.8792208902645726, 102
모루, 1.3210444650157163, 25
물통, 1.2713335012342368, 22
먼지, 1.4415695861139577, 34
맞죠, 1.4854464189088816, 38
주괴, 1.8289961374705956, 90
구하기, 1.4415695861139577, 34
그다음, 1.3653209677376368, 28
도착, 1.4749142655062215, 37
갑옷, 1.7396316011389268, 72
정확히, 1.3051418343169416, 24
사시, 1.4749142655062215, 37
도끼, 1.5696369363962033, 47
획득, 1.2713335012342368, 22
아아, 1.3210444650157163, 25
남으, 1.7664934154094893, 77
개요, 1.639316219399387, 56
빛나는, 1.8870185365077308, 104
다시, 2.6659638365281046, 716
별빛, 1.5250354115261306, 42
지역, 2.218814820297342, 237
배워, 1.4415695861139577, 34
다니, 1.8506839328968108, 95
ㅇㅅㅇ, 1.8421475100603664, 93
여긴, 1.9239044183927079, 114
열쇠, 1.6601138605534589, 59
수호, 1.4854464189088816, 38
하죠, 1.98891776833979, 134
이러, 1.9203632158999946, 113
입고, 1.3790668640528516, 29
바닥, 1.9511728498874945, 122
오르, 1.639316219399387, 56
던데, 1.8792208902645726, 102
잡몹, 1.2885899398955958, 23
무지, 1.4415695861139577, 34
가보죠, 1.2533098625178554, 21
야성, 1.8421475100603664, 93
반지, 1.4641012218199978, 36
이구, 1.2713335012342368, 22
가려, 1.609814839949382, 52
하겟, 1.2533098625178554, 21
가신, 1.2885899398955958, 23
무기, 2.394418180139276, 366
신분, 2.3933118626504397, 365
방금, 2.192419486874492, 222
많아, 2.2067104853665076, 230
이아, 1.4177118164110207, 32
잇어, 2.619899892662724, 639
입구, 1.9239044183927079, 114
도면, 2.1122648661498324, 182
잘나, 1.3210444650157163, 25
같으, 1.4957119066602935, 39
ㅅㅅ, 1.7916856847529945, 82
햇빛, 2.1442077633054013, 197
주는, 2.1380173360673527, 194
하네, 2.256218868525183, 260
어렵, 1.6925683856735796, 64
날개, 1.5861888308175494, 49
십자, 1.796541612350475, 83
악기, 1.2885899398955958, 23
특성, 1.4415695861139577, 34
않아, 1.781795801575092, 80
저녁, 1.5779973379109737, 48
교역, 1.9021778762410477, 108
높은, 1.6862819790036452, 63
끝난, 1.2713335012342368, 22
나옴, 2.251531358420511, 257
거의, 2.1188579400030036, 185
지구, 1.3653209677376368, 28
늪지, 5.364306195285659, 131
니스, 1.9478629122566669, 121
물약, 2.060332170189724, 160
이배, 1.4854464189088816, 38
어찌, 1.6601138605534589, 59
있자, 1.3790668640528516, 29
기둥, 1.3790668640528516, 29
꾸러미, 2.1850805515327, 218
내리, 1.6321396584573098, 55
올려, 1.9641488407071066, 126
힘들, 2.065337975846098, 162
쓰는, 2.0370082585074365, 151
무적, 1.5250354115261306, 42
판금, 2.245195837207714, 253
살수, 1.4641012218199978, 36
효과, 1.5942181052350206, 50
동안, 1.7664934154094893, 77
제대로, 1.5942181052350206, 50
위치, 2.297538309682495, 288
화면, 1.5696369363962033, 47
표시, 1.8506839328968108, 95
가면, 2.44032954837478, 410
하게, 2.0370082585074365, 151
목공, 1.6862819790036452, 63
없으, 2.201410212400602, 227
헤엄, 1.5154946158498674, 41
나와, 2.290461950176269, 283
대요, 1.8245158144466245, 89
재미, 1.7916856847529945, 82
씨앗, 2.062842798075699, 161
귀속, 1.5154946158498674, 41
필수, 1.4177118164110207, 32
미터, 1.3510926619567019, 27
출혈, 1.2713335012342368, 22
도와줘, 1.3653209677376368, 28
항구, 2.2067104853665076, 230
빼고, 1.7226165826145654, 69
화살, 1.8792208902645726, 102
버티, 1.3210444650157163, 25
아시, 2.318055255008044, 303
아주, 1.5154946158498674, 41
어차피, 1.9641488407071066, 126
나왔, 1.9609435662436405, 125
망치, 1.3510926619567019, 27
산호초, 2.0234462883047466, 146
말씀해, 1.2533098625178554, 21
점점, 1.3510926619567019, 27
무슨, 2.3350337303294513, 316
그래픽, 1.6321396584573098, 55
사냥터, 1.2713335012342368, 22
장치, 1.4854464189088816, 38
운전, 1.781795801575092, 80
단체, 1.4641012218199978, 36
해도, 1.6734089896092306, 61
농사, 1.8548856814624806, 96
영자, 1.5696369363962033, 47
만든, 1.8013400719997186, 84
심은, 1.4749142655062215, 37
렙제, 1.6173938476819265, 53
가능, 1.9377678237967346, 118
대박, 1.7916856847529945, 82
초가집, 1.6925683856735796, 64
특산, 2.204951414893315, 229
가보, 1.5523804977348443, 45
고원, 1.5154946158498674, 41
찾는, 1.5523804977348443, 45
평원, 1.8792208902645726, 102
증가, 1.639316219399387, 56
엔피시, 1.639316219399387, 56
마굿, 1.4749142655062215, 37
광석, 1.9343461570089284, 117
연속, 1.5696369363962033, 47
숙련, 1.8548856814624806, 96
언제, 2.332467486901504, 314
정상, 1.3051418343169416, 24
노동, 2.793488884663013, 981
해야, 2.6776687967818753, 737
없었, 1.5154946158498674, 41
보여, 1.9239044183927079, 114
덮치기, 1.5057238994937217, 40
힘들어, 1.776758903160901, 79
추적자, 1.3790668640528516, 29
충격, 1.4749142655062215, 37
아는, 1.8590443344115815, 97
산호, 1.6862819790036452, 63
재판, 2.000757006753755, 138
건지, 1.4641012218199978, 36
가고, 1.98891776833979, 134
빨라, 1.8421475100603664, 93
가까운, 1.3510926619567019, 27
가구, 1.6463679642382443, 57
느낌, 1.5154946158498674, 41
타요, 1.2533098625178554, 21
진짜, 2.583466286461126, 584
거기, 2.660269008248736, 706
메인, 1.4415695861139577, 34
기다림, 1.5861888308175494, 49
장비, 1.833427494235452, 91
남은, 1.8548856814624806, 96
자유도, 2.6348266742548168, 663
석재, 2.1144744907360598, 183
미치, 1.5861888308175494, 49
새끼, 2.196039735104488, 224
가끔, 1.3510926619567019, 27
대가, 1.8946690485360445, 106
겁나, 1.9343461570089284, 117
괜찮, 2.065337975846098, 162
필요한, 2.123194506560974, 187
구경, 1.653299160508321, 58
구리, 1.9919101443430705, 135
나름, 1.2713335012342368, 22
걸림, 1.4641012218199978, 36
붉은, 1.5779973379109737, 48
주셔, 1.4415695861139577, 34
먹음, 1.7226165826145654, 69
차때, 2.0234462883047466, 146
바다, 2.3669960068664606, 342
어제, 2.275927594481615, 273
햇무리, 1.4177118164110207, 32
페이지, 1.4749142655062215, 37
직접, 1.4298161513418552, 33
혼자, 2.4624076585647177, 433
가서, 2.3854819482835836, 358
요즘, 1.5343568590184626, 43
노가다, 1.4854464189088816, 38
기운, 1.698758812911628, 65
안됨, 2.075167914448476, 166
매사, 1.5154946158498674, 41
무도, 1.7340388902893686, 71
거든, 1.2533098625178554, 21
계열, 1.3051418343169416, 24
현재, 1.4529918937887611, 35
역시, 1.9767224097003884, 130
가자, 2.3832167741905073, 356
이면, 1.7664934154094893, 77
크라켄, 2.125345520136806, 188
탈옥, 1.6248337831757187, 54
심으, 1.8548856814624806, 96
말로, 1.6463679642382443, 57
완전, 1.9767224097003884, 130
잡다, 1.4749142655062215, 37
가는, 2.4548639040694344, 425
진심, 1.3790668640528516, 29
솔직히, 1.4957119066602935, 39
구입, 1.2713335012342368, 22
노래, 1.9704843619199035, 128
기본, 1.6668159157560591, 60
애드, 1.4749142655062215, 37
자기, 1.8984408441825342, 107
군대, 1.5779973379109737, 48
하기, 1.9095501722137707, 110
원거리, 1.4749142655062215, 37
고요, 1.4177118164110207, 32
잡는, 2.266950140484174, 267
짓는, 1.3510926619567019, 27
ㅇㅋ, 1.7396316011389268, 72
에서, 1.8548856814624806, 96
양식, 2.164185454517539, 207
일드, 1.5057238994937217, 40
멀린, 1.4529918937887611, 35
패기, 1.5434688179460168, 44
고대, 1.8984408441825342, 107
되어, 1.3051418343169416, 24
쾌속, 2.4886341635234803, 462
사라졌, 1.336346851181319, 26
암석, 2.10780916078217, 180
나좀, 1.3790668640528516, 29
부드러운, 3.936897942462782, 35
나가는, 1.4854464189088816, 38
시차, 1.6463679642382443, 57
박아, 1.6668159157560591, 60
않냐, 1.2533098625178554, 21
철벽, 1.8464381861640848, 94
개는, 1.6798965697430328, 62
겠다, 1.4177118164110207, 32
비파, 1.8984408441825342, 107
정수, 2.1210320208584954, 186
없냐, 1.7867708959943294, 81
나온, 1.930895369302655, 116
장사, 1.2713335012342368, 22
있잖, 1.4749142655062215, 37
하냐, 1.9274149607388518, 115
엄마, 1.3210444650157163, 25
병신, 1.8870185365077308, 104
뭐임, 1.602091461516324, 51
방향, 1.9478629122566669, 121
당함, 1.6321396584573098, 55
마법사, 1.6925683856735796, 64
지젼, 1.6321396584573098, 55
포인트, 1.6248337831757187, 54
넘는, 1.2533098625178554, 21
철광, 1.7048561474829589, 66
들어, 2.1144744907360598, 183
많은, 2.0370082585074365, 151
가도, 1.6173938476819265, 53
소형, 1.7048561474829589, 66
선택, 1.6463679642382443, 57
명인, 1.8245158144466245, 89
컴퓨터, 1.3051418343169416, 24
가나다, 6.074698744858943, 251
ㅡㅡ, 2.559188236743251, 550
말해, 1.8199854309116805, 88
미안, 1.5250354115261306, 42
죽일, 1.71678245162801, 68
도시, 1.8289961374705956, 90
시야, 1.4749142655062215, 37
심어, 2.2818040032543627, 277
시켜, 1.8013400719997186, 84
세금, 1.5779973379109737, 48
거리, 1.9239044183927079, 114
길드워, 1.3653209677376368, 28
소리, 1.9511728498874945, 122
다가, 1.8548856814624806, 96
대도, 1.4177118164110207, 32
나오고, 1.4641012218199978, 36
사라짐, 1.9203632158999946, 113
약탈, 1.9203632158999946, 113
필요함, 1.796541612350475, 83
빠르, 2.256218868525183, 260
수영, 1.7612615349727347, 76
컨텐츠, 1.5942181052350206, 50
검은, 1.6668159157560591, 60
존나, 2.1400913309121887, 195
토끼, 1.6601138605534589, 59
거지, 1.9239044183927079, 114
일이, 1.6925683856735796, 64
재료, 2.49986181679795, 475
술사, 1.3210444650157163, 25
ㄴㄴ, 2.173816907568827, 212
개새끼, 1.336346851181319, 26
마법, 2.0065494639535317, 140
같고, 1.2713335012342368, 22
버리, 2.123194506560974, 187
슬슬, 1.6601138605534589, 59
내놔, 1.5942181052350206, 50
격투, 1.7451482183206055, 73
동선, 1.2713335012342368, 22
학교, 1.3790668640528516, 29
나룻배, 2.0578058996615085, 159
무섭, 1.8712703392932488, 100
아키에이지, 1.7048561474829589, 66
이즈, 2.026195214821213, 147
미친, 1.867235827318157, 99
쩐다, 1.973615382174187, 129
남는, 1.8107699181314099, 86
하지, 2.2699647648403976, 269
작살, 2.047540411910097, 155
보면, 2.3072422113218205, 295
대기, 2.08476516979316, 170
아르, 1.967328975504253, 127
리얼, 1.2713335012342368, 22
없죠, 1.5523804977348443, 45
친구, 1.8378109435023962, 92
동맹, 1.7048561474829589, 66
ㅅㅂ, 2.098748110902094, 176
심고, 1.6248337831757187, 54
과로사, 1.5057238994937217, 40
시발, 2.1563120982362354, 203
사라져, 1.2885899398955958, 23
쇼크, 1.6248337831757187, 54
해체, 1.2713335012342368, 22
이유, 1.5154946158498674, 41
바라기, 1.4298161513418552, 33
귀찮, 1.781795801575092, 80
마왕, 1.9377678237967346, 118
전문가, 1.6321396584573098, 55
대지, 1.5696369363962033, 47
산다, 1.6668159157560591, 60
노예, 1.4854464189088816, 38
보냄, 1.4415695861139577, 34
치명, 1.3510926619567019, 27
가격, 1.5611005135597587, 46
잖아, 1.5250354115261306, 42
달려, 1.8631607668047936, 98
레벨, 2.0799949370302175, 168
양손, 1.6798965697430328, 62
불러, 1.7916856847529945, 82
옵션, 1.639316219399387, 56
속도, 1.833427494235452, 91
주문, 1.2533098625178554, 21
철괴, 1.4529918937887611, 35
모임, 1.2713335012342368, 22
지원, 1.8464381861640848, 94
들었, 1.4641012218199978, 36
흑마, 1.7664934154094893, 77
판다, 1.392361993108623, 30
꽃잎, 1.4641012218199978, 36
바다로, 1.4177118164110207, 32
신발, 1.3510926619567019, 27
사기, 1.8154038555190706, 87
똑같, 1.7108631478424627, 67
설정, 1.7048561474829589, 66
뒤지, 1.2713335012342368, 22
있다, 2.2608528059128434, 263
평타, 1.405234982503038, 31
전투, 1.9239044183927079, 114
버림, 1.5696369363962033, 47
레이드, 2.0396670556287937, 152
먹는, 1.7916856847529945, 82
돌이, 1.4415695861139577, 34
델피, 1.8289961374705956, 90
으르렁, 4.052648299704879, 39
철주, 1.9919101443430705, 135
채우고, 1.5154946158498674, 41
휘영, 4.229819468424721, 46
상관없, 1.796541612350475, 83
하늘, 1.5057238994937217, 40
장인, 1.9411608570540666, 119
컴터, 1.3510926619567019, 27
상인, 2.082387068500326, 169
명예, 2.0918169146320174, 173
졸라, 1.5942181052350206, 50
하긴, 1.4298161513418552, 33
떨어짐, 1.5434688179460168, 44
서로, 1.5696369363962033, 47
쫒아, 1.4415695861139577, 34
나가야, 1.5057238994937217, 40
있네, 2.2684602543642374, 268
포탈, 2.354999122607544, 332
있고, 1.8590443344115815, 97
떨어졌, 1.3653209677376368, 28
차라리, 1.8378109435023962, 92
맞춰, 1.3790668640528516, 29
셀렌, 4.402505482083911, 54
고쉬, 4.206192487086352, 45
기절, 1.5434688179460168, 44
웃기, 1.5057238994937217, 40
무덤, 1.4298161513418552, 33
팅겨, 1.3790668640528516, 29
간다, 2.0799949370302175, 168
빠져, 1.609814839949382, 52
애가, 1.4749142655062215, 37
자주, 1.4298161513418552, 33
여서, 1.3210444650157163, 25
자꾸, 2.094140503272429, 174
거임, 1.7283679571750539, 70
귓말, 1.4298161513418552, 33
나도, 2.5124418881624058, 490
피통, 1.609814839949382, 52
많네, 1.9919101443430705, 135
보호지역, 1.392361993108623, 30
오베, 1.7048561474829589, 66
뒤져, 1.405234982503038, 31
한참, 1.2885899398955958, 23
아따, 1.4749142655062215, 37
출발, 1.4298161513418552, 33
없지, 1.9767224097003884, 130
같던, 1.4957119066602935, 39
들어와, 1.7340388902893686, 71
지옥, 1.8631607668047936, 98
받는, 1.6798965697430328, 62
가까이, 1.5250354115261306, 42
되니, 1.609814839949382, 52
움직이, 1.4177118164110207, 32
가나다라, 1.8199854309116805, 88
아마, 1.9411608570540666, 119
해파리, 1.8464381861640848, 94
씨발, 1.9798058094122357, 131
업글, 1.8870185365077308, 104
빨간, 1.4749142655062215, 37
미니맵, 1.3653209677376368, 28
ㅊㅋ, 1.9095501722137707, 110
떨어지, 1.7664934154094893, 77
분해, 1.7867708959943294, 81
이동, 1.9203632158999946, 113
생긴, 1.4415695861139577, 34
신기루, 2.087129404527346, 171
숟가락, 1.4415695861139577, 34
오면, 2.026195214821213, 147
발견, 1.336346851181319, 26
시체, 1.9478629122566669, 121
벌써, 1.8631607668047936, 98
수도, 1.4298161513418552, 33
재미없, 1.4749142655062215, 37
죽였, 1.6601138605534589, 59
빠지, 1.653299160508321, 58
떨어진, 1.3051418343169416, 24
따라, 1.8107699181314099, 86
보호, 1.6463679642382443, 57
명퀘, 4.27560160479232, 48
탄성, 5.22235259924164, 115
중간, 1.755961262006829, 75
있던, 1.796541612350475, 83
ㅅㄱ, 1.4641012218199978, 36
있긴, 1.3790668640528516, 29
겠네, 1.5434688179460168, 44
점프, 1.7048561474829589, 66
봉인, 1.5779973379109737, 48
공대, 2.3285874084107046, 311
안감, 1.405234982503038, 31
모르는, 1.4854464189088816, 38
필요할, 1.3510926619567019, 27
시러, 1.336346851181319, 26
같이하실, 1.5343568590184626, 43
소나무, 1.639316219399387, 56
블소, 1.781795801575092, 80
요정, 1.2713335012342368, 22
사야, 1.9203632158999946, 113
닥사, 1.7340388902893686, 71
개네, 1.392361993108623, 30
데타, 4.206192487086352, 45
핀스, 3.936897942462782, 35
허수아비, 2.2136714307182297, 234
괴물, 1.4854464189088816, 38
자러, 1.336346851181319, 26
올라, 1.7396316011389268, 72
다했, 1.8378109435023962, 92
망했, 1.5523804977348443, 45
인형, 1.4177118164110207, 32
농장, 2.1166721389784686, 184
수집, 1.6734089896092306, 61
지능, 1.8107699181314099, 86
추가, 2.0234462883047466, 146
린다, 1.5057238994937217, 40
몸빵, 1.3051418343169416, 24
크리, 1.9478629122566669, 121
넣으, 1.3653209677376368, 28
겨울, 1.2713335012342368, 22
갖고, 1.4529918937887611, 35
벼락, 1.781795801575092, 80
일반, 1.9767224097003884, 130
타는, 1.6463679642382443, 57
감사, 2.204951414893315, 229
장난, 1.8154038555190706, 87
남아, 1.7867708959943294, 81
싶으, 1.3051418343169416, 24
야함, 2.1622314020217828, 206
쓰세, 1.5154946158498674, 41
하셧어, 1.3051418343169416, 24
젖소, 1.8984408441825342, 107
이럴, 1.336346851181319, 26
주실, 1.5250354115261306, 42
너구리, 1.6248337831757187, 54
받았, 1.9274149607388518, 115
판결, 4.157357234473078, 43
안쪽, 1.4854464189088816, 38
목화, 1.5523804977348443, 45
야하는, 1.7916856847529945, 82
잡죠, 1.6668159157560591, 60
자라, 1.2713335012342368, 22
개정, 1.5154946158498674, 41
이지, 1.7867708959943294, 81
철주괴, 1.2713335012342368, 22
핏빛, 3.7726205419764307, 30
싫어, 1.3653209677376368, 28
부대, 1.405234982503038, 31
아세, 1.7664934154094893, 77
명점, 1.7716586458735275, 78
기억, 2.1421547710302056, 196
예언가, 3.936897942462782, 35
화장실, 1.6463679642382443, 57
해적, 2.222207853554674, 239
부캐, 1.3210444650157163, 25
키우고, 1.2713335012342368, 22
팅김, 1.2885899398955958, 23
의지, 2.0065494639535317, 140
사제, 1.9948805979810074, 136
지키, 1.5696369363962033, 47
생겨, 1.4529918937887611, 35
짓고, 1.4854464189088816, 38
여신, 1.7867708959943294, 81
석상, 1.7664934154094893, 77
주금, 1.4641012218199978, 36
궁수, 1.5154946158498674, 41
일루, 1.796541612350475, 83
야해, 2.087129404527346, 171
하루, 1.9609435662436405, 125
가져, 1.6668159157560591, 60
바쁘, 1.4529918937887611, 35
싸게, 1.5942181052350206, 50
머임, 1.5861888308175494, 49
캐러, 1.405234982503038, 31
부유, 2.0370082585074365, 151
그루, 1.7340388902893686, 71
아련한, 1.6463679642382443, 57
바꿀, 1.5154946158498674, 41
제발, 1.7340388902893686, 71
안함, 1.6668159157560591, 60
파초, 1.4298161513418552, 33
버릴, 1.4177118164110207, 32
맨더, 4.635603017036247, 67
벌레, 1.6248337831757187, 54
종일, 1.4415695861139577, 34
바보, 1.5696369363962033, 47
수거, 1.2885899398955958, 23
시키, 1.8712703392932488, 100
우린, 1.796541612350475, 83
사과, 1.336346851181319, 26
자폭, 4.86774978404636, 83
오크, 1.776758903160901, 79
사지, 1.3790668640528516, 29
갈려, 1.5057238994937217, 40
인양, 4.31955195701121, 50
정리, 1.4641012218199978, 36
사라, 1.3510926619567019, 27
잇다, 2.060332170189724, 160
대포, 1.9167908129834186, 112
구만, 1.2533098625178554, 21
젠장, 1.4177118164110207, 32
각성, 1.5154946158498674, 41
굿굿, 4.079775907335982, 40
지코, 2.1622314020217828, 206
변신, 1.3210444650157163, 25
가족, 1.9274149607388518, 115
돌아, 1.7612615349727347, 76
아저씨, 1.3051418343169416, 24
가드, 1.336346851181319, 26
집은, 1.4957119066602935, 39
여요, 1.6248337831757187, 54
떨어져, 1.698758812911628, 65
사망, 1.4854464189088816, 38
루비, 1.698758812911628, 65
안보, 2.204951414893315, 229
강화, 1.2713335012342368, 22
쏘는, 1.2533098625178554, 21
주던, 1.4854464189088816, 38
만들려, 1.6668159157560591, 60
구요, 1.5861888308175494, 49
보니, 1.8506839328968108, 95
검색, 1.6321396584573098, 55
사라지, 1.4529918937887611, 35
안대, 1.930895369302655, 116
포기, 1.7340388902893686, 71
하니, 1.967328975504253, 127
오링, 3.6993525784040227, 28
모하, 1.2713335012342368, 22
맞다, 1.7916856847529945, 82
태풍, 1.6925683856735796, 64
달구지, 4.967692497505162, 91
그때, 1.8421475100603664, 93
많어, 1.3051418343169416, 24
대충, 1.5942181052350206, 50
아깝, 1.6321396584573098, 55
사용, 1.781795801575092, 80
멀어, 1.4641012218199978, 36
열게, 1.4854464189088816, 38
가능해, 1.4177118164110207, 32
물갈퀴, 3.5362965368969035, 24
대는, 1.7867708959943294, 81
나눠, 1.5057238994937217, 40
까지, 2.0065494639535317, 140
걸린, 1.392361993108623, 30
댕기, 1.3653209677376368, 28
케릭, 1.7916856847529945, 82
생산, 1.3510926619567019, 27
잉크, 1.7505907847107147, 74
작은, 1.639316219399387, 56
버려, 2.110043133971203, 181
베베, 2.171908832950597, 211
아래, 1.8984408441825342, 107
개인, 1.8378109435023962, 92
없구, 1.4177118164110207, 32
귀환, 2.0702827335694916, 164
하리, 1.8712703392932488, 100
오리, 1.3790668640528516, 29
사면, 1.6321396584573098, 55
말좀, 1.5523804977348443, 45
버드나무, 1.4415695861139577, 34
하란, 1.698758812911628, 65
받고, 1.8631607668047936, 98
ㅊㅊ, 1.5057238994937217, 40
올라가, 1.7867708959943294, 81
오예, 1.2885899398955958, 23
부셔, 1.4749142655062215, 37
터지, 1.392361993108623, 30
불어, 1.2533098625178554, 21
남자, 1.7340388902893686, 71
부활, 2.2371346351467674, 248
오베때, 1.7283679571750539, 70
상관, 1.336346851181319, 26
목소리, 1.3051418343169416, 24
라가, 1.2885899398955958, 23
대면, 1.2885899398955958, 23
사고, 1.8506839328968108, 95
햇음, 1.698758812911628, 65
순삭, 1.3051418343169416, 24
그치, 1.4529918937887611, 35
넘어, 1.3653209677376368, 28
같어, 1.3210444650157163, 25
패치, 1.5250354115261306, 42
모드, 1.5523804977348443, 45
보리, 1.6321396584573098, 55
통수, 1.3051418343169416, 24
하던, 1.776758903160901, 79
항아리, 1.4641012218199978, 36
돼지, 1.4957119066602935, 39
사서, 1.9021778762410477, 108
번은, 1.2713335012342368, 22
나갈, 1.4749142655062215, 37
낮아, 1.405234982503038, 31
열어, 2.031637781211322, 149
가르, 1.3051418343169416, 24
아이, 1.4641012218199978, 36
암살자, 1.609814839949382, 52
싸우고, 1.5434688179460168, 44
땅콩, 4.206192487086352, 45
구형, 3.6608008232337785, 27
집지, 1.6862819790036452, 63
주거지역, 1.776758903160901, 79
당나귀, 1.8154038555190706, 87
지고, 1.392361993108623, 30
보낼, 1.6173938476819265, 53
담배, 1.4854464189088816, 38
사랑해, 1.5779973379109737, 48
버린, 1.3653209677376368, 28
모레, 1.2885899398955958, 23
바람, 1.98891776833979, 134
초원, 1.7226165826145654, 69
최고, 1.9859031439835664, 133
걸어, 1.609814839949382, 52
눈치, 1.2885899398955958, 23
버프, 1.7716586458735275, 78
아님, 1.4298161513418552, 33
오른, 1.3653209677376368, 28
배타, 1.8013400719997186, 84
쩌리, 1.6321396584573098, 55
가위바위보, 3.905949070844612, 34
퀘템, 1.71678245162801, 68
순도, 1.3210444650157163, 25
되냐, 1.336346851181319, 26
보임, 1.9641488407071066, 126
이서, 1.9058807796763262, 109
정신, 1.8245158144466245, 89
팔려, 1.3510926619567019, 27
정제, 1.8060824080267381, 85
윤기, 4.827795843250328, 80
무것, 1.8908618364499894, 105
호랑이, 1.4957119066602935, 39
오랜만, 1.4177118164110207, 32
점검, 1.9411608570540666, 119
부터, 1.8289961374705956, 90
길마, 1.2885899398955958, 23
갈수, 1.4298161513418552, 33
먹었, 1.8060824080267381, 85
필요하세, 1.4298161513418552, 33
스콜, 3.395857224054269, 21
일로, 1.8107699181314099, 86
주고, 1.6734089896092306, 61
금은, 1.2885899398955958, 23
마하, 1.6321396584573098, 55
잡자, 1.5942181052350206, 50
부탁, 1.405234982503038, 31
냄새, 1.3510926619567019, 27
가라, 1.6601138605534589, 59
전부, 1.8245158144466245, 89
오른쪽, 1.8060824080267381, 85
나오면, 1.9021778762410477, 108
경매, 2.1563120982362354, 203
데리, 1.2713335012342368, 22
싸워, 1.609814839949382, 52
애매, 1.3653209677376368, 28
기름, 1.7451482183206055, 73
이드, 1.392361993108623, 30
임마, 1.4177118164110207, 32
가실, 2.1582948166521927, 204
잡어, 1.5523804977348443, 45
데비, 1.5779973379109737, 48
환술, 1.7226165826145654, 69
키우는, 1.5861888308175494, 49
탈수, 1.2533098625178554, 21
정찰, 1.6173938476819265, 53
라임, 1.4957119066602935, 39
옥수수, 4.77215801603162, 76
없어져, 1.336346851181319, 26
이긴, 1.3510926619567019, 27
바꾸, 1.336346851181319, 26
힘듦, 1.6321396584573098, 55
나오네, 2.026195214821213, 147
이따, 1.755961262006829, 75
빠름, 1.7283679571750539, 70
이름, 2.210205895876778, 232
죽으, 2.015085886789976, 143
영지, 1.6925683856735796, 64
어딨, 2.0918169146320174, 173
사명, 1.833427494235452, 91
파시, 1.4641012218199978, 36
아냐, 1.698758812911628, 65
ㅈㄴ, 1.3210444650157163, 25
찾기, 1.4749142655062215, 37
데미지, 1.781795801575092, 80
레알, 1.2533098625178554, 21
용이, 1.2533098625178554, 21
낮은, 1.2885899398955958, 23
시작, 1.7451482183206055, 73
찾아, 1.9609435662436405, 125
어때, 1.5057238994937217, 40
ㅂㅂ, 1.639316219399387, 56
우체통, 1.4854464189088816, 38
경치, 1.8464381861640848, 94
뺏어, 1.2885899398955958, 23
언덕, 1.8289961374705956, 90
설치, 1.6321396584573098, 55
영웅, 1.4415695861139577, 34
들어서, 1.6173938476819265, 53
아닐, 1.5696369363962033, 47
차이, 1.8378109435023962, 92
자고, 1.3653209677376368, 28
먹은, 1.6463679642382443, 57
공간, 1.9609435662436405, 125
컨트롤, 1.6248337831757187, 54
부족해, 1.3210444650157163, 25
해안, 1.3790668640528516, 29
희귀, 1.3051418343169416, 24
쪼렙, 1.4854464189088816, 38
올라가면, 1.405234982503038, 31
여자, 1.5611005135597587, 46
갈래, 1.405234982503038, 31
때리, 1.8199854309116805, 88
여기는, 1.6925683856735796, 64
나가면, 1.392361993108623, 30
목장, 1.336346851181319, 26
초반, 1.6601138605534589, 59
그떄, 1.2885899398955958, 23
죽었, 2.060332170189724, 160
끝나면, 1.4641012218199978, 36
병아리, 1.4298161513418552, 33
필요하다, 1.2885899398955958, 23
찍은, 1.3051418343169416, 24
고급, 1.6248337831757187, 54
지진, 1.3051418343169416, 24
주머니, 1.5523804977348443, 45
백합, 1.3653209677376368, 28
공개, 1.4854464189088816, 38
탈것, 1.6248337831757187, 54
호수, 1.4415695861139577, 34
조심해, 1.4749142655062215, 37
고기, 1.3653209677376368, 28
거만, 1.5250354115261306, 42
영혼, 1.405234982503038, 31
절대, 1.5861888308175494, 49
장미, 1.7283679571750539, 70
음식, 1.6173938476819265, 53
배고프, 1.3051418343169416, 24
미리, 1.7048561474829589, 66
공용, 1.6248337831757187, 54
필요해, 1.8421475100603664, 93
감자, 1.4415695861139577, 34
단계, 1.957712751475413, 124
약한, 1.5696369363962033, 47
몬스터, 1.4749142655062215, 37
고생하셨, 1.5696369363962033, 47
아보카도, 1.9767224097003884, 130
들어갔, 1.3051418343169416, 24
작물, 1.6173938476819265, 53
작업, 1.5154946158498674, 41
개면, 1.405234982503038, 31
모험, 1.3510926619567019, 27
도발, 1.5154946158498674, 41
가방, 1.3051418343169416, 24
면서, 1.392361993108623, 30
올라와, 1.405234982503038, 31
주택, 1.4749142655062215, 37
야차, 1.6798965697430328, 62
천점, 1.3510926619567019, 27
몽상, 1.3210444650157163, 25
전쟁, 1.7108631478424627, 67
만드시, 1.4177118164110207, 32
구함, 1.7340388902893686, 71
클릭, 2.1166721389784686, 184
방어, 2.0918169146320174, 173
교환, 1.5434688179460168, 44
우두머리, 2.042308531473342, 153
반도, 1.5343568590184626, 43
기다리, 1.9411608570540666, 119
그렇, 2.192419486874492, 222
해골, 1.5154946158498674, 41
범위, 1.5696369363962033, 47
탈퇴, 1.755961262006829, 75
광역, 1.8792208902645726, 102
러너, 1.6321396584573098, 55
연금, 1.6173938476819265, 53
우편함, 1.2885899398955958, 23
느낌표, 1.7340388902893686, 71
지기, 1.4854464189088816, 38
둘이서, 1.4854464189088816, 38
다함, 1.336346851181319, 26
왓어, 1.5523804977348443, 45
마구간, 1.3653209677376368, 28
채집, 1.973615382174187, 129
엉겅퀴, 1.405234982503038, 31
슬프, 1.5696369363962033, 47
거뭐, 1.3510926619567019, 27
배는, 1.5861888308175494, 49
동틀녘, 1.3510926619567019, 27
나왓, 1.2533098625178554, 21
보이지, 1.2885899398955958, 23
않는, 1.405234982503038, 31
불가, 1.4177118164110207, 32
가네, 1.7108631478424627, 67
야자, 1.2533098625178554, 21
몰이, 2.042308531473342, 153
ㅇㄷ, 1.796541612350475, 83
어딘가, 1.2533098625178554, 21
막기, 1.3051418343169416, 24
왕궁, 2.1582948166521927, 204
멘붕, 1.5942181052350206, 50
비밀, 1.4177118164110207, 32
잠깐, 1.8013400719997186, 84
글쎄, 1.2533098625178554, 21
마이크, 1.3653209677376368, 28
삼니, 3.4914489920690093, 23
네임드, 1.6601138605534589, 59
말타, 1.5861888308175494, 49
약초, 1.2533098625178554, 21
야한, 1.3653209677376368, 28
운영자, 1.5250354115261306, 42
방패, 1.9798058094122357, 131
원딜, 1.6173938476819265, 53
속정, 1.4749142655062215, 37
나게, 1.4529918937887611, 35
은색, 1.2533098625178554, 21
해보세, 1.5779973379109737, 48
싸울, 1.5779973379109737, 48
야하네, 1.3210444650157163, 25
도안, 1.967328975504253, 127
올라갈, 1.3051418343169416, 24
옷감, 2.217107596267301, 236
쓰실, 1.4854464189088816, 38
않으, 1.2713335012342368, 22
왠만하면, 1.4749142655062215, 37
모이, 1.6925683856735796, 64
같네, 1.913186654957917, 111
당할, 1.2713335012342368, 22
마나, 1.8590443344115815, 97
오지, 1.71678245162801, 68
관심, 1.4529918937887611, 35
잡지, 1.2885899398955958, 23
광산, 1.6248337831757187, 54
선타, 1.3790668640528516, 29
개구, 1.4298161513418552, 33
아파, 1.2533098625178554, 21
물속, 1.5343568590184626, 43
살리, 1.2885899398955958, 23
연장, 1.4177118164110207, 32
애니, 1.3653209677376368, 28
생겼, 1.405234982503038, 31
슈바, 1.336346851181319, 26
잡은, 1.4749142655062215, 37
잡음, 1.8631607668047936, 98
구해야, 1.3653209677376368, 28
뒤뒤, 3.620846882437746, 26
보지, 1.3510926619567019, 27
이안, 1.8464381861640848, 94
던전, 1.8378109435023962, 92
루팅, 1.392361993108623, 30
가셨, 1.3790668640528516, 29
찍고, 1.8107699181314099, 86
싶어, 1.4529918937887611, 35
이라, 1.3210444650157163, 25
가용, 1.5343568590184626, 43
해줘, 1.6321396584573098, 55
깜짝, 1.6668159157560591, 60
피비, 1.6668159157560591, 60
은근, 1.4298161513418552, 33
공초, 1.7340388902893686, 71
보냈, 1.8631607668047936, 98
수정, 1.6248337831757187, 54
자르, 1.3790668640528516, 29
태워, 1.8870185365077308, 104
내려, 1.7505907847107147, 74
안나, 2.0370082585074365, 151
지켜, 1.5343568590184626, 43
적대, 1.609814839949382, 52
신경, 1.4177118164110207, 32
맞고, 1.5154946158498674, 41
상황, 1.4854464189088816, 38
같다, 1.8631607668047936, 98
타레, 1.5696369363962033, 47
오는, 1.8464381861640848, 94
다행, 1.6862819790036452, 63
아예, 1.4529918937887611, 35
킬러, 3.7365972396798433, 29
정령, 1.7108631478424627, 67
들어가야, 1.3653209677376368, 28
리스, 1.3210444650157163, 25
기술, 1.7612615349727347, 76
크레이지, 3.5362965368969035, 24
공격대, 1.8752651017356279, 101
해보, 1.5154946158498674, 41
당했, 1.4529918937887611, 35
없어지, 1.2713335012342368, 22
고요한, 1.4298161513418552, 33
구했, 1.3210444650157163, 25
바지, 1.5343568590184626, 43
형님, 2.0065494639535317, 140
공포, 1.4957119066602935, 39
금속, 1.3653209677376368, 28
파수, 1.3051418343169416, 24
해봤, 1.392361993108623, 30
어떤, 2.087129404527346, 171
키워, 1.8060824080267381, 85
녀석, 1.4415695861139577, 34
멀리, 1.796541612350475, 83
이기, 1.3051418343169416, 24
백상아리, 1.2533098625178554, 21
경비, 1.7505907847107147, 74
신도, 1.392361993108623, 30
패스, 1.6862819790036452, 63
진영, 1.3653209677376368, 28
라이, 1.4177118164110207, 32
축하, 1.392361993108623, 30
힘드네, 1.3051418343169416, 24
프로, 1.5696369363962033, 47
민첩, 1.6798965697430328, 62
오우, 1.2885899398955958, 23
파탈, 1.4529918937887611, 35
마차, 1.4641012218199978, 36
달성, 1.8548856814624806, 96
탱커, 1.71678245162801, 68
가겠, 1.392361993108623, 30
직업, 1.9411608570540666, 119
포도, 1.5523804977348443, 45
나갔, 1.5523804977348443, 45
조심, 1.8984408441825342, 107
ㄱㄷ, 1.7226165826145654, 69
빌려, 1.5343568590184626, 43
열매, 2.0178918848961076, 144
화염, 1.2533098625178554, 21
붙은, 1.3510926619567019, 27
신앙, 3.5793848943374256, 25
들려, 1.5523804977348443, 45
얼른, 1.4177118164110207, 32
누르, 2.0065494639535317, 140
가게, 1.4641012218199978, 36
언니, 1.3510926619567019, 27
비싸, 1.5250354115261306, 42
있죠, 1.5696369363962033, 47
악세, 1.3210444650157163, 25
부엉이, 1.3210444650157163, 25
예전, 1.5942181052350206, 50
아인, 3.4914489920690093, 23
꼭대기, 1.4298161513418552, 33
입어, 1.392361993108623, 30
막피, 1.609814839949382, 52
별루, 1.2533098625178554, 21
광장, 1.4177118164110207, 32
자야, 1.405234982503038, 31
싸우는, 1.5434688179460168, 44
리젠, 1.609814839949382, 52
요거, 1.4641012218199978, 36
세트, 1.609814839949382, 52
먹어, 2.173816907568827, 212
끝나, 1.4749142655062215, 37
바꾸는, 1.4298161513418552, 33
모름, 1.653299160508321, 58
지나면, 1.3051418343169416, 24
올라가야, 1.2713335012342368, 22
파세, 1.5779973379109737, 48
강제, 1.4957119066602935, 39
선빵, 1.5779973379109737, 48
안해, 1.9609435662436405, 125
마리아, 1.3051418343169416, 24
기다릴, 1.2533098625178554, 21
죽이는, 1.6173938476819265, 53
드리, 1.8378109435023962, 92
모자, 1.609814839949382, 52
에이, 1.602091461516324, 51
저리, 1.3790668640528516, 29
오우거, 1.7451482183206055, 73
ㅅㄱㅇ, 1.3510926619567019, 27
만랩, 1.4177118164110207, 32
버섯, 1.5343568590184626, 43
비슷한, 1.2713335012342368, 22
구석, 1.2713335012342368, 22
주시, 1.653299160508321, 58
느데, 1.336346851181319, 26
풀어, 1.4529918937887611, 35
단축키, 1.336346851181319, 26
일부러, 1.2533098625178554, 21
플로, 1.3051418343169416, 24
사러, 1.3210444650157163, 25
능력, 1.6248337831757187, 54
나머지, 1.71678245162801, 68
안녕, 1.5434688179460168, 44
일지, 1.2533098625178554, 21
바꿔, 1.867235827318157, 99
아들, 1.4177118164110207, 32
늦게, 1.5154946158498674, 41
분만, 1.5861888308175494, 49
죽는, 1.7048561474829589, 66
왼쪽, 1.796541612350475, 83
안되는, 1.8946690485360445, 106
에잉, 1.2713335012342368, 22
흰색, 1.4415695861139577, 34
하더, 1.4177118164110207, 32
있구, 1.3790668640528516, 29
숨어, 1.7108631478424627, 67
끌어, 1.4749142655062215, 37
다하고, 1.3051418343169416, 24
해드릴, 1.2885899398955958, 23
와우, 1.653299160508321, 58
실험, 1.4957119066602935, 39
아침, 1.3210444650157163, 25
이상한, 1.6862819790036452, 63
부럽, 1.5343568590184626, 43
편지, 1.5696369363962033, 47
노르드, 5.504745508128295, 149
모래톱, 1.9377678237967346, 118
모여, 1.8464381861640848, 94
옮겨, 1.3051418343169416, 24
님들, 2.1680655330083383, 209
진주, 1.7048561474829589, 66
절벽, 1.3051418343169416, 24
보죠, 1.4415695861139577, 34
행운, 1.5523804977348443, 45
맞은, 1.5434688179460168, 44
초달, 1.2713335012342368, 22
뜨는, 1.7505907847107147, 74
빠른, 1.8199854309116805, 88
무조건, 1.8245158144466245, 89
들어올, 1.3790668640528516, 29
쫓아, 1.4415695861139577, 34
위험한, 1.3051418343169416, 24
하려, 1.8289961374705956, 90
재밌, 1.5611005135597587, 46
찾아볼, 1.2713335012342368, 22
토끼풀, 1.8506839328968108, 95
이니, 1.405234982503038, 31
들어가는, 1.4854464189088816, 38
확실히, 1.2533098625178554, 21
로카, 5.0029451141940875, 94
해보고, 1.5611005135597587, 46
인벤, 1.8464381861640848, 94
하만, 1.4957119066602935, 39
오셨, 1.4854464189088816, 38
ㅎㄷㄷ, 1.5154946158498674, 41
고마워, 1.5434688179460168, 44
바위, 1.4641012218199978, 36
가운데, 1.653299160508321, 58
엔피씨, 1.6601138605534589, 59
소통, 1.2533098625178554, 21
저런, 1.639316219399387, 56
무리, 1.5779973379109737, 48
맞는, 1.7283679571750539, 70
드는, 1.6925683856735796, 64
말하는, 1.4957119066602935, 39
세워, 1.3051418343169416, 24
찾겠, 1.2885899398955958, 23
위주, 1.2533098625178554, 21
타야, 1.3510926619567019, 27
방법, 1.8831384580169315, 103
안남, 1.6734089896092306, 61
장실좀, 1.336346851181319, 26
맞으, 1.6321396584573098, 55
지도, 1.8792208902645726, 102
늦었, 1.3051418343169416, 24
처치, 1.8464381861640848, 94
웃긴, 1.2713335012342368, 22
즐겜, 1.653299160508321, 58
버스, 1.8590443344115815, 97
플레이, 1.405234982503038, 31
캐릭터, 1.2533098625178554, 21
붙으, 1.5696369363962033, 47
초대해, 1.7340388902893686, 71
에프, 1.2533098625178554, 21
충전, 1.4177118164110207, 32
기도, 1.5154946158498674, 41
질주, 1.5696369363962033, 47
질문, 1.3051418343169416, 24
위쪽, 1.5343568590184626, 43
기능, 1.3051418343169416, 24
상어, 1.6463679642382443, 57
폭포, 1.2533098625178554, 21
수리, 1.6173938476819265, 53
인어, 1.3210444650157163, 25
넘은, 3.4446924766675435, 22
업는, 1.2533098625178554, 21
불탄, 1.3051418343169416, 24
오네, 1.4957119066602935, 39
득템, 1.3510926619567019, 27
생기, 1.6463679642382443, 57
이세, 1.609814839949382, 52
뇌우, 1.2533098625178554, 21
주심, 1.2713335012342368, 22
광천수, 1.6173938476819265, 53
원대, 1.3210444650157163, 25
올라감, 1.4529918937887611, 35
개사, 1.3051418343169416, 24
마우스, 1.602091461516324, 51
인간, 1.7664934154094893, 77
해주실, 1.392361993108623, 30
겨우, 1.4854464189088816, 38
부케, 1.3653209677376368, 28
서는, 1.3051418343169416, 24
중임, 1.4177118164110207, 32
사이, 1.5057238994937217, 40
주면, 1.7340388902893686, 71
파괴, 1.6668159157560591, 60
돌려, 1.5434688179460168, 44
잇죠, 1.4854464189088816, 38
이벤트, 1.3051418343169416, 24
나가, 1.7396316011389268, 72
캐스팅, 1.4529918937887611, 35
모았, 1.3051418343169416, 24
야영지, 1.6463679642382443, 57
깨고, 1.4177118164110207, 32
폐허, 1.4749142655062215, 37
까기, 1.5343568590184626, 43
채워, 1.4415695861139577, 34
심었, 1.5523804977348443, 45
각자, 1.2713335012342368, 22
생김, 1.4854464189088816, 38
들어옴, 1.2533098625178554, 21
낭만, 1.6321396584573098, 55
초록, 1.8752651017356279, 101
반복, 1.2533098625178554, 21
죄송한, 1.3210444650157163, 25
기계, 1.6248337831757187, 54
토템, 1.8245158144466245, 89
장갑, 1.2713335012342368, 22
팔고, 1.639316219399387, 56
위로, 1.7867708959943294, 81
포탄, 2.0065494639535317, 140
많지, 1.2713335012342368, 22
대여, 1.7048561474829589, 66
대리, 1.2885899398955958, 23
공유, 1.2533098625178554, 21
네네, 1.2533098625178554, 21
반응, 1.3210444650157163, 25
나올, 1.8199854309116805, 88
지랄, 1.5523804977348443, 45
이야기, 1.3210444650157163, 25
이상하게, 1.2885899398955958, 23
다녀, 1.6925683856735796, 64
오빠, 1.6925683856735796, 64
난왜, 1.336346851181319, 26
오기, 1.2533098625178554, 21
개도, 1.3051418343169416, 24
매즈, 1.2885899398955958, 23
선장, 1.4415695861139577, 34
도와줄, 1.336346851181319, 26
강철, 4.460852588822831, 57
덴슬, 4.402505482083911, 54
저장, 1.7396316011389268, 72
화약, 3.9962968561644447, 37
영상, 1.3510926619567019, 27
우선, 1.8060824080267381, 85
아니었, 1.2533098625178554, 21
엘객, 1.4298161513418552, 33
주위, 1.5434688179460168, 44
전방, 3.6993525784040227, 28
철재, 1.3510926619567019, 27
그대로, 1.5696369363962033, 47
바꾸면, 1.405234982503038, 31
나서, 1.5523804977348443, 45
가보네, 1.2713335012342368, 22
메즈, 1.3210444650157163, 25
황금평, 2.1996279453194854, 226
라면, 1.6321396584573098, 55
위해, 1.3051418343169416, 24
폭풍, 1.4854464189088816, 38
나이스, 1.5434688179460168, 44
넘겨, 1.2533098625178554, 21
재산, 1.2713335012342368, 22
만듬, 1.5343568590184626, 43
잡기, 1.4177118164110207, 32
스샷, 1.755961262006829, 75
링크, 1.4641012218199978, 36
하디, 1.5343568590184626, 43
효율, 1.2885899398955958, 23
보다, 1.4177118164110207, 32
느려, 1.602091461516324, 51
버렸, 1.4298161513418552, 33
기회, 1.2713335012342368, 22
치기, 2.072732681253602, 165
함정, 1.3210444650157163, 25
무한, 1.5861888308175494, 49
물품, 1.3210444650157163, 25
방울, 1.2713335012342368, 22
지휘, 1.2533098625178554, 21
레몬, 1.4298161513418552, 33
뿌려, 1.5523804977348443, 45
돋네, 1.3510926619567019, 27
키울, 1.3653209677376368, 28
힐좀, 1.6321396584573098, 55
한판, 1.5942181052350206, 50
동생, 1.4298161513418552, 33
요리, 1.5861888308175494, 49
잡화상, 1.6925683856735796, 64
팅겼, 1.4529918937887611, 35
도움, 1.4641012218199978, 36
편하게, 1.2713335012342368, 22
만해, 1.2713335012342368, 22
치는, 1.6601138605534589, 59
누나, 1.5861888308175494, 49
안개, 1.5343568590184626, 43
잇고, 1.4749142655062215, 37
들어가서, 1.3653209677376368, 28
돈좀, 1.2713335012342368, 22
난리, 1.3510926619567019, 27
우물, 1.405234982503038, 31
배도, 1.3210444650157163, 25
바꾸고, 1.3790668640528516, 29
신관, 1.392361993108623, 30
따위, 1.4298161513418552, 33
길이, 1.5696369363962033, 47
죽고, 1.5779973379109737, 48
넘게, 1.6173938476819265, 53
우왕, 1.7340388902893686, 71
파장, 1.6862819790036452, 63
사다리, 1.3653209677376368, 28
배달, 1.3510926619567019, 27
먹이, 1.5057238994937217, 40
않았, 1.5861888308175494, 49
던져, 1.2713335012342368, 22
망할, 1.4298161513418552, 33
다는, 1.4298161513418552, 33
나가서, 1.4415695861139577, 34
연주, 1.3210444650157163, 25
근딜, 1.4854464189088816, 38
세영, 1.6248337831757187, 54
주인, 1.5343568590184626, 43
어딧음, 1.3653209677376368, 28
털어, 1.5343568590184626, 43
때림, 1.2885899398955958, 23
쓸어, 1.336346851181319, 26
가능할, 1.4641012218199978, 36
어그, 1.609814839949382, 52
아보, 1.6601138605534589, 59
재밌네, 1.2533098625178554, 21
치면, 1.6321396584573098, 55
가봄, 1.2713335012342368, 22
어쩔, 1.5154946158498674, 41
게이, 2.0206785976395345, 145
오고, 1.4298161513418552, 33
이신, 1.3051418343169416, 24
축음기, 3.4446924766675435, 22
범죄, 1.776758903160901, 79
전복, 1.9058807796763262, 109
무엇, 1.4749142655062215, 37
깨야, 1.3051418343169416, 24
카드, 1.4177118164110207, 32
놀아, 1.3653209677376368, 28
막보, 1.2533098625178554, 21
나가지, 1.2885899398955958, 23
건물, 1.405234982503038, 31
걸리는, 1.3653209677376368, 28
숨겨, 1.609814839949382, 52
별거, 1.336346851181319, 26
신거, 1.6248337831757187, 54
현실, 1.4298161513418552, 33
저건, 1.6248337831757187, 54
최대, 1.3790668640528516, 29
뒤짐, 1.2713335012342368, 22
점사, 1.4854464189088816, 38
이요, 1.2533098625178554, 21
가다가, 1.3510926619567019, 27
블랙펄, 4.635603017036247, 67
회복, 1.3790668640528516, 29
계산, 1.3210444650157163, 25
얻으, 1.2885899398955958, 23
제작할, 3.6993525784040227, 28
피노키오, 1.3051418343169416, 24
하도, 1.336346851181319, 26
지지, 1.2713335012342368, 22
타면, 1.5434688179460168, 44
백마, 1.3790668640528516, 29
증거, 1.2885899398955958, 23
번개, 1.5611005135597587, 46
ㅈㅈ, 1.336346851181319, 26
번만, 1.2533098625178554, 21
자국, 1.3653209677376368, 28
무거, 1.2533098625178554, 21
호위, 1.4641012218199978, 36
바퀴, 1.3790668640528516, 29
반대, 1.5057238994937217, 40
사세, 1.3510926619567019, 27
놀고, 1.2885899398955958, 23
덕분, 1.2885899398955958, 23
쩔어, 1.5942181052350206, 50
별장, 3.4914489920690093, 23
쓰레기통, 3.807500052094045, 31
얻는, 1.5523804977348443, 45
개더, 1.5250354115261306, 42
랑그레이, 1.2533098625178554, 21
나이, 1.698758812911628, 65
하피, 1.3210444650157163, 25
걔네, 1.3051418343169416, 24
북맨, 1.6798965697430328, 62
나감, 1.653299160508321, 58
팔면, 1.5696369363962033, 47
진자, 1.4641012218199978, 36
가고일, 1.3510926619567019, 27
부두, 1.3653209677376368, 28
때리는, 1.3051418343169416, 24
들림, 1.2713335012342368, 22
시바, 1.6321396584573098, 55
ㅎㅇ, 1.4177118164110207, 32
보낸, 1.2713335012342368, 22
중앙, 1.4298161513418552, 33
햇결, 3.620846882437746, 26
있냐, 1.755961262006829, 75
회피, 1.4641012218199978, 36
정지, 1.2533098625178554, 21
황평, 5.0029451141940875, 94
베인, 1.5250354115261306, 42
덤벼, 1.2885899398955958, 23
나오던, 1.2713335012342368, 22
만들기, 1.5154946158498674, 41
드셈, 3.620846882437746, 26
외침, 1.392361993108623, 30
운지, 1.9948805979810074, 136
타마, 3.395857224054269, 21
ㅍㅍ, 1.4529918937887611, 35
팔리, 1.3790668640528516, 29
바꾸실, 1.2713335012342368, 22
풀리, 1.2533098625178554, 21
체력, 1.796541612350475, 83
보기, 1.3051418343169416, 24
싸운, 1.3210444650157163, 25
장기, 1.7048561474829589, 66
차떄, 1.2885899398955958, 23
돌진, 1.3790668640528516, 29
어격, 3.7726205419764307, 30
저주, 1.3510926619567019, 27
입으, 1.3210444650157163, 25
오라, 1.4529918937887611, 35
어딧어, 1.8506839328968108, 95
호밀, 1.392361993108623, 30
기네, 1.392361993108623, 30
하심, 1.4529918937887611, 35
심해, 1.4641012218199978, 36
어둠, 1.3790668640528516, 29
바론, 1.2885899398955958, 23
편린, 1.609814839949382, 52
하셈, 1.3653209677376368, 28
구해서, 1.2885899398955958, 23
비싼, 1.3790668640528516, 29
골렘, 1.4415695861139577, 34
이군, 1.4529918937887611, 35
오디, 1.5250354115261306, 42
바이, 1.3210444650157163, 25
동굴, 1.4854464189088816, 38
오름, 1.6463679642382443, 57
불의, 1.3790668640528516, 29
없어졌, 1.4641012218199978, 36
경험치, 1.9411608570540666, 119
이분, 1.4749142655062215, 37
몰아, 1.5942181052350206, 50
징조, 1.7451482183206055, 73
입수, 1.6601138605534589, 59
없어짐, 1.2713335012342368, 22
다모, 1.4854464189088816, 38
끝나고, 1.3051418343169416, 24
거미, 1.4641012218199978, 36
유골, 1.2533098625178554, 21
깨면, 1.4415695861139577, 34
폭탄, 1.609814839949382, 52
손해, 1.3510926619567019, 27
흔적, 1.2713335012342368, 22
돼는, 1.5343568590184626, 43
유죄, 1.2885899398955958, 23
불타는, 1.4529918937887611, 35
잘라, 1.3051418343169416, 24
털리, 1.2533098625178554, 21
더럽, 1.336346851181319, 26
마음, 1.3790668640528516, 29
없던, 1.392361993108623, 30
계셔, 1.3510926619567019, 27
잇지, 1.609814839949382, 52
서해, 1.2885899398955958, 23
정이, 1.5523804977348443, 45
제한, 1.3510926619567019, 27
순간이동, 1.3051418343169416, 24
기분, 1.5523804977348443, 45
대체, 1.3510926619567019, 27
피해, 1.7283679571750539, 70
밥좀, 1.2885899398955958, 23
가다, 1.2713335012342368, 22
호구, 1.4177118164110207, 32
성벽, 1.3051418343169416, 24
최대한, 1.3653209677376368, 28
가공, 1.7283679571750539, 70
뿌리, 1.6248337831757187, 54
모짜렐라, 3.936897942462782, 35
생활, 1.5861888308175494, 49
비싸네, 1.2713335012342368, 22
사슴, 1.3210444650157163, 25
트리스, 3.5362965368969035, 24
조심하세, 1.5343568590184626, 43
나면, 1.3051418343169416, 24
망함, 1.4177118164110207, 32
열리, 1.2713335012342368, 22
광산촌, 3.8413061744480412, 32
선포, 1.392361993108623, 30
부르, 1.4298161513418552, 33
전장, 1.3210444650157163, 25
빡세, 1.3051418343169416, 24
오실, 1.4957119066602935, 39
도전, 1.3051418343169416, 24
찾아봐, 1.3790668640528516, 29
벌판, 1.2885899398955958, 23
푸른, 1.4298161513418552, 33
처럼, 1.2885899398955958, 23
가보자, 1.2533098625178554, 21
미소, 1.392361993108623, 30
스턴, 1.4641012218199978, 36
정보, 1.602091461516324, 51
불투명, 4.157357234473078, 43
고함, 1.2713335012342368, 22
있겠, 1.3510926619567019, 27
부시, 1.392361993108623, 30
시비, 1.4298161513418552, 33
세명, 1.336346851181319, 26
오리발, 3.4446924766675435, 22
근대, 1.698758812911628, 65
공초좀, 1.3653209677376368, 28
유랑, 1.3510926619567019, 27
재밌는, 1.2885899398955958, 23
연마, 1.7340388902893686, 71
대려, 1.3051418343169416, 24
알어, 1.3051418343169416, 24
가나, 1.7612615349727347, 76
초승달, 1.8154038555190706, 87
계단, 1.2713335012342368, 22
왕좌, 1.4177118164110207, 32
단검, 1.2533098625178554, 21
보신, 1.336346851181319, 26
기사, 1.639316219399387, 56
수배, 1.4415695861139577, 34
도대체, 1.405234982503038, 31
현상, 1.3653209677376368, 28
가염, 1.3653209677376368, 28
전설, 1.3653209677376368, 28
아프리카, 1.4415695861139577, 34
새기, 1.653299160508321, 58
확률, 1.4298161513418552, 33
재배, 1.4177118164110207, 32
리가, 1.5057238994937217, 40
이나, 1.4854464189088816, 38
거봐, 1.2885899398955958, 23
마저, 1.2713335012342368, 22
사거리, 1.336346851181319, 26
대신, 1.6798965697430328, 62
꺼내, 1.2713335012342368, 22
전체, 1.4957119066602935, 39
지어, 1.6463679642382443, 57
여우, 1.3510926619567019, 27
헤헤, 1.4957119066602935, 39
인대, 1.4957119066602935, 39
다니는, 1.2885899398955958, 23
이길, 1.3210444650157163, 25
성공, 1.3510926619567019, 27
갈거, 1.5057238994937217, 40
찾고, 1.4298161513418552, 33
주거, 1.336346851181319, 26
최소, 1.3051418343169416, 24
부족해서, 1.2533098625178554, 21
동네, 1.405234982503038, 31
리하, 1.3210444650157163, 25
가치, 1.4641012218199978, 36
거나, 1.2713335012342368, 22
폭주, 3.9962968561644447, 37
역할, 3.7726205419764307, 30
된거, 1.5611005135597587, 46
난파선, 1.4854464189088816, 38
집안, 1.405234982503038, 31
훔쳐, 1.336346851181319, 26
엘프, 1.5250354115261306, 42
보일, 1.2533098625178554, 21
설명, 1.5057238994937217, 40
민간인, 1.2713335012342368, 22
달결, 3.5793848943374256, 25
끝날, 1.2885899398955958, 23
꺼져, 1.4415695861139577, 34
물이, 1.2885899398955958, 23
기부, 1.392361993108623, 30
멘탈, 1.4177118164110207, 32
왜안, 1.3510926619567019, 27
주워, 1.3790668640528516, 29
신난, 1.3210444650157163, 25
새키, 1.4415695861139577, 34
제작하는, 3.620846882437746, 26
조합, 1.4529918937887611, 35
은광, 1.2533098625178554, 21
빡쳐, 1.4641012218199978, 36
드세, 1.609814839949382, 52
프레이, 1.3790668640528516, 29
부탁해, 1.392361993108623, 30
그랬, 1.392361993108623, 30
딴거, 1.4177118164110207, 32
마뱀, 1.2713335012342368, 22
장신구, 1.3051418343169416, 24
이간, 3.8413061744480412, 32
발리, 1.2885899398955958, 23
어딧는, 1.2713335012342368, 22
실수, 1.3210444650157163, 25
카페, 1.4298161513418552, 33
잇냐, 1.5343568590184626, 43
괴로, 1.3051418343169416, 24
쟁났, 3.4446924766675435, 22
깜놀, 1.2533098625178554, 21
걸고, 1.3510926619567019, 27
교도, 3.4914489920690093, 23
나하, 1.2713335012342368, 22
피방, 1.392361993108623, 30
완성, 1.4415695861139577, 34
개쩜, 1.392361993108623, 30
힘든, 1.4298161513418552, 33
심는, 1.4298161513418552, 33
뒤질, 1.336346851181319, 26
콤보, 1.4529918937887611, 35
이래, 1.3510926619567019, 27
슈발, 1.3790668640528516, 29
우회, 1.2885899398955958, 23
구라, 1.336346851181319, 26
도핑, 3.6993525784040227, 28
으잌, 1.5250354115261306, 42
천옷, 1.2713335012342368, 22
가가, 1.3210444650157163, 25
퀘좀, 1.2885899398955958, 23
납치, 1.4749142655062215, 37
봉산, 4.361811485827986, 52
끝남, 1.3051418343169416, 24
들어간, 1.2885899398955958, 23
발자국, 1.781795801575092, 80
황혼, 1.2885899398955958, 23
우스, 1.3051418343169416, 24
드시, 1.3653209677376368, 28
착하다, 1.2713335012342368, 22
ㅠㅜ, 1.9343461570089284, 117
파워, 1.405234982503038, 31
수확, 1.5779973379109737, 48
찍는, 1.3051418343169416, 24
미쳐, 1.3210444650157163, 25
악마, 1.2533098625178554, 21
연쇄, 1.392361993108623, 30
가안, 1.4177118164110207, 32
드립, 1.2713335012342368, 22
지나, 1.4298161513418552, 33
퀘완, 1.6798965697430328, 62
초보, 1.392361993108623, 30
자작나무, 1.3051418343169416, 24
오오, 1.3210444650157163, 25
종류, 1.4957119066602935, 39
뻔했, 1.2713335012342368, 22
다만, 1.3653209677376368, 28
계심, 1.4177118164110207, 32
깨지, 1.2713335012342368, 22
죄송해, 1.4529918937887611, 35
재밌어, 1.3051418343169416, 24
하져, 1.3790668640528516, 29
주제, 1.2533098625178554, 21
들킴, 1.2713335012342368, 22
피시방, 1.3051418343169416, 24
지팡이, 1.6248337831757187, 54
다나, 1.2713335012342368, 22
페레, 1.4415695861139577, 34
키어, 3.395857224054269, 21
장소, 1.3210444650157163, 25
해변, 1.2713335012342368, 22
이겨, 1.3051418343169416, 24
보석, 1.3210444650157163, 25
예추, 3.4914489920690093, 23
경험, 1.2713335012342368, 22
외국인, 1.2713335012342368, 22
속박, 1.2885899398955958, 23
투구, 1.5154946158498674, 41
정원, 1.2885899398955958, 23
공속, 1.2713335012342368, 22
사파이어, 1.4177118164110207, 32
이김, 1.2713335012342368, 22
등산, 1.3653209677376368, 28
괜찬, 1.2713335012342368, 22
구슬, 1.405234982503038, 31
다녀올, 1.392361993108623, 30
디오, 1.4177118164110207, 32
코끼리, 1.3790668640528516, 29
휴먼, 3.620846882437746, 26
가바, 1.4177118164110207, 32
돌리, 1.2885899398955958, 23
도망가, 1.2713335012342368, 22
제자리, 1.2713335012342368, 22
유령, 1.4641012218199978, 36
보물, 1.4529918937887611, 35
모양, 1.5057238994937217, 40
오심, 1.336346851181319, 26
같이해, 1.4749142655062215, 37
랩업, 1.3653209677376368, 28
몰랐, 1.4298161513418552, 33
근접, 1.6925683856735796, 64
춤추기, 1.3653209677376368, 28
리오, 1.2713335012342368, 22
있더, 1.2713335012342368, 22
나쁜, 1.4177118164110207, 32
로동, 1.3210444650157163, 25
필요하신, 1.2885899398955958, 23
안타, 1.2533098625178554, 21
실패, 1.3790668640528516, 29
지네, 1.5250354115261306, 42
사진, 1.2885899398955958, 23
나영, 1.5154946158498674, 41
나오냐, 1.2885899398955958, 23
여깃, 1.3051418343169416, 24
쌍수, 1.392361993108623, 30
내려놓, 1.3510926619567019, 27
어캐, 1.6463679642382443, 57
브이, 1.3510926619567019, 27
절도, 1.336346851181319, 26
타지, 1.2533098625178554, 21
잇던, 1.5861888308175494, 49
앉기, 1.336346851181319, 26
포기하고, 1.4415695861139577, 34
벌목, 1.4177118164110207, 32
제사, 1.4749142655062215, 37
오니, 1.336346851181319, 26
셔플, 1.2713335012342368, 22
아뒤, 1.2533098625178554, 21
광맥, 1.2885899398955958, 23
뒤쪽, 1.3051418343169416, 24
해줌, 1.3051418343169416, 24
블루, 1.2713335012342368, 22
천이, 1.3653209677376368, 28
라나, 1.2885899398955958, 23
타임, 1.2713335012342368, 22
비행선, 1.3051418343169416, 24
키조개, 1.5696369363962033, 47
들리, 1.3510926619567019, 27
매고, 1.3051418343169416, 24
마니, 1.602091461516324, 51
해드림, 1.2885899398955958, 23
물어, 1.2533098625178554, 21
만들러, 1.2885899398955958, 23
가냐, 1.405234982503038, 31
철거, 3.7726205419764307, 30
검구, 1.5057238994937217, 40
드럽, 1.2713335012342368, 22
나나, 1.2885899398955958, 23
근성, 1.2533098625178554, 21
볼게, 1.4641012218199978, 36
소모, 1.3051418343169416, 24
기전, 1.2885899398955958, 23
ㅣㄴ, 1.2713335012342368, 22
스님, 1.2713335012342368, 22
저택, 1.2533098625178554, 21
인제, 1.2533098625178554, 21
라라, 1.4854464189088816, 38
한글, 1.2533098625178554, 21
머머, 1.3210444650157163, 25
염료, 4.079775907335982, 40
상의, 1.3051418343169416, 24
이용, 1.336346851181319, 26
아영, 1.2533098625178554, 21
오키, 1.2885899398955958, 23
군데, 1.3210444650157163, 25
공중, 1.3653209677376368, 28
없더, 1.3790668640528516, 29
체크, 1.2885899398955958, 23
마크, 1.3051418343169416, 24
봇짐, 1.4529918937887611, 35
마리안, 1.2885899398955958, 23
쟁낫, 4.422300833652588, 55
자황, 4.340884904756235, 51
이유리, 1.3653209677376368, 28
구름, 1.2713335012342368, 22
ㅇㅁㅇ, 1.2533098625178554, 21
회식, 4.132100667240864, 42
이동합, 1.3051418343169416, 24
